,subreddit,word,count,rank
0,AdviceAnimals,being,14502,1
1,AdviceAnimals,think,13109,2
2,AdviceAnimals,got,12401,3
3,AdviceAnimals,really,12397,4
4,AdviceAnimals,into,11693,5
5,AskReddit,got,337683,1
6,AskReddit,back,299326,2
7,AskReddit,into,292977,3
8,AskReddit,after,264159,4
9,AskReddit,really,253384,5
10,atheism,god,29140,1
11,atheism,think,25333,2
12,atheism,believe,23333,3
13,atheism,being,22745,4
14,atheism,any,22083,5
15,funny,into,11801,1
16,funny,being,11218,2
17,funny,think,10913,3
18,funny,got,10241,4
19,funny,-,9866,5
20,gaming,game,51482,1
21,gaming,games,31920,2
22,gaming,play,19890,3
23,gaming,really,17420,4
24,gaming,any,15371,5
25,leagueoflegends,game,110453,1
26,leagueoflegends,team,78457,2
27,leagueoflegends,play,72780,3
28,leagueoflegends,really,53361,4
29,leagueoflegends,think,50077,5
30,relationship_advice,really,85049,1
31,relationship_advice,want,83385,2
32,relationship_advice,feel,64997,3
33,relationship_advice,our,60860,4
34,relationship_advice,am,58101,5
35,relationships,really,583301,1
36,relationships,want,577757,2
37,relationships,feel,473039,3
38,relationships,our,455635,4
39,relationships,am,422185,5
40,tifu,got,49648,1
41,tifu,back,48248,2
42,tifu,into,43063,3
43,tifu,after,39758,4
44,tifu,went,32405,5
45,trees,got,31754,1
46,trees,smoke,26683,2
47,trees,really,25202,3
48,trees,after,23727,4
49,trees,back,23265,5
